label,pre-event image,post-event image 1,post-event image 2
1_7_88.geojson,10400100684A4B00_1_7_88.tif,10300100C46F5900_1_7_88.tif,
0_14_17.geojson,105001001A0FFC00_0_14_17.tif,10300100C46F5900_0_14_17.tif,
1_15_82.geojson,10400100684A4B00_1_15_82.tif,10300100C46F5900_1_15_82.tif,
2_20_59.geojson,10300100AF395C00_2_20_59.tif,10300100C46F5900_2_20_59.tif,
1_9_79.geojson,10400100684A4B00_1_9_79.tif,10300100C46F5900_1_9_79.tif,
1_15_86.geojson,10400100684A4B00_1_15_86.tif,10300100C46F5900_1_15_86.tif,
1_9_89.geojson,10400100684A4B00_1_9_89.tif,10300100C46F5900_1_9_89.tif,
0_15_3.geojson,105001001A0FFC00_0_15_3.tif,10300100C46F5900_0_15_3.tif,
1_9_81.geojson,10400100684A4B00_1_9_81.tif,10300100C46F5900_1_9_81.tif,
1_21_73.geojson,10400100684A4B00_1_21_73.tif,10300100C46F5900_1_21_73.tif,
1_12_93.geojson,10400100684A4B00_1_12_93.tif,10300100C46F5900_1_12_93.tif,
1_9_85.geojson,10400100684A4B00_1_9_85.tif,10300100C46F5900_1_9_85.tif,
2_13_45.geojson,10300100AF395C00_2_13_45.tif,10300100C46F5900_2_13_45.tif,
0_20_12.geojson,105001001A0FFC00_0_20_12.tif,10300100C46F5900_0_20_12.tif,
0_15_7.geojson,105001001A0FFC00_0_15_7.tif,10300100C46F5900_0_15_7.tif,
2_20_55.geojson,10300100AF395C00_2_20_55.tif,10300100C46F5900_2_20_55.tif,
1_18_80.geojson,10400100684A4B00_1_18_80.tif,10300100C46F5900_1_18_80.tif,
0_17_10.geojson,105001001A0FFC00_0_17_10.tif,10300100C46F5900_0_17_10.tif,
1_16_85.geojson,10400100684A4B00_1_16_85.tif,10300100C46F5900_1_16_85.tif,
0_19_15.geojson,105001001A0FFC00_0_19_15.tif,10300100C46F5900_0_19_15.tif,
1_22_78.geojson,10400100684A4B00_1_22_78.tif,10300100C46F5900_1_22_78.tif,
1_16_75.geojson,10400100684A4B00_1_16_75.tif,10300100C46F5900_1_16_75.tif,
1_18_74.geojson,10400100684A4B00_1_18_74.tif,10300100C46F5900_1_18_74.tif,
1_16_71.geojson,10400100684A4B00_1_16_71.tif,10300100C46F5900_1_16_71.tif,
2_19_56.geojson,10300100AF395C00_2_19_56.tif,10300100C46F5900_2_19_56.tif,
1_18_84.geojson,10400100684A4B00_1_18_84.tif,10300100C46F5900_1_18_84.tif,
0_17_14.geojson,105001001A0FFC00_0_17_14.tif,10300100C46F5900_0_17_14.tif,
1_16_81.geojson,10400100684A4B00_1_16_81.tif,10300100C46F5900_1_16_81.tif,
0_19_11.geojson,105001001A0FFC00_0_19_11.tif,10300100C46F5900_0_19_11.tif,
2_17_53.geojson,10300100AF395C00_2_17_53.tif,10300100C46F5900_2_17_53.tif,
0_23_19.geojson,105001001A0FFC00_0_23_19.tif,10300100C46F5900_0_23_19.tif,
1_16_79.geojson,10400100684A4B00_1_16_79.tif,10300100C46F5900_1_16_79.tif,
1_11_94.geojson,10400100684A4B00_1_11_94.tif,10300100C46F5900_1_11_94.tif,
1_22_74.geojson,10400100684A4B00_1_22_74.tif,10300100C46F5900_1_22_74.tif,
0_19_19.geojson,105001001A0FFC00_0_19_19.tif,10300100C46F5900_0_19_19.tif,
0_14_3.geojson,105001001A0FFC00_0_14_3.tif,10300100C46F5900_0_14_3.tif,
2_28_37.geojson,10300100AF395C00_2_28_37.tif,10300100C46F5900_2_28_37.tif,
0_14_7.geojson,105001001A0FFC00_0_14_7.tif,10300100C46F5900_0_14_7.tif,
2_26_36.geojson,10300100AF395C00_2_26_36.tif,10300100C46F5900_2_26_36.tif,
2_28_33.geojson,10300100AF395C00_2_28_33.tif,10300100C46F5900_2_28_33.tif,
1_22_70.geojson,10400100684A4B00_1_22_70.tif,10300100C46F5900_1_22_70.tif,
2_18_62.geojson,10300100AF395C00_2_18_62.tif,10300100C46F5900_2_18_62.tif,
1_13_88.geojson,10400100684A4B00_1_13_88.tif,10300100C46F5900_1_13_88.tif,
1_13_78.geojson,10400100684A4B00_1_13_78.tif,10300100C46F5900_1_13_78.tif,
2_15_47.geojson,10300100AF395C00_2_15_47.tif,10300100C46F5900_2_15_47.tif,
1_14_91.geojson,10400100684A4B00_1_14_91.tif,10300100C46F5900_1_14_91.tif,
0_18_21.geojson,105001001A0FFC00_0_18_21.tif,10300100C46F5900_0_18_21.tif,
0_17_7.geojson,105001001A0FFC00_0_17_7.tif,10300100C46F5900_0_17_7.tif,
1_13_74.geojson,10400100684A4B00_1_13_74.tif,10300100C46F5900_1_13_74.tif,
0_22_21.geojson,105001001A0FFC00_0_22_21.tif,10300100C46F5900_0_22_21.tif,
1_13_84.geojson,10400100684A4B00_1_13_84.tif,10300100C46F5900_1_13_84.tif,
1_6_97.geojson,10400100684A4B00_1_6_97.tif,10300100C46F5900_1_6_97.tif,
2_17_36.geojson,10300100AF395C00_2_17_36.tif,10300100C46F5900_2_17_36.tif,
0_12_15.geojson,105001001A0FFC00_0_12_15.tif,10300100C46F5900_0_12_15.tif,
1_13_80.geojson,10400100684A4B00_1_13_80.tif,10300100C46F5900_1_13_80.tif,
1_8_92.geojson,10400100684A4B00_1_8_92.tif,10300100C46F5900_1_8_92.tif,
1_5_103.geojson,10400100684A4B00_1_5_103.tif,10300100C46F5900_1_5_103.tif,
2_21_42.geojson,10300100AF395C00_2_21_42.tif,10300100C46F5900_2_21_42.tif,
2_18_45.geojson,10300100AF395C00_2_18_45.tif,10300100C46F5900_2_18_45.tif,
1_5_98.geojson,10400100684A4B00_1_5_98.tif,10300100C46F5900_1_5_98.tif,
2_18_41.geojson,10300100AF395C00_2_18_41.tif,10300100C46F5900_2_18_41.tif,
2_16_44.geojson,10300100AF395C00_2_16_44.tif,10300100C46F5900_2_16_44.tif,
0_11_16.geojson,105001001A0FFC00_0_11_16.tif,10300100C46F5900_0_11_16.tif,
1_10_83.geojson,10400100684A4B00_1_10_83.tif,10300100C46F5900_1_10_83.tif,
2_20_38.geojson,10300100AF395C00_2_20_38.tif,10300100C46F5900_2_20_38.tif,
2_22_41.geojson,10300100AF395C00_2_22_41.tif,10300100C46F5900_2_22_41.tif,
1_2_89.geojson,10400100684A4B00_1_2_89.tif,10300100C46F5900_1_2_89.tif,
2_16_48.geojson,10300100AF395C00_2_16_48.tif,10300100C46F5900_2_16_48.tif,
1_10_77.geojson,10400100684A4B00_1_10_77.tif,10300100C46F5900_1_10_77.tif,
2_22_45.geojson,10300100AF395C00_2_22_45.tif,10300100C46F5900_2_22_45.tif,
0_21_22.geojson,105001001A0FFC00_0_21_22.tif,10300100C46F5900_0_21_22.tif,
1_10_104.geojson,10400100684A4B00_1_10_104.tif,10300100C46F5900_1_10_104.tif,
1_5_90.geojson,10400100684A4B00_1_5_90.tif,10300100C46F5900_1_5_90.tif,
1_10_87.geojson,10400100684A4B00_1_10_87.tif,10300100C46F5900_1_10_87.tif,
0_15_19.geojson,105001001A0FFC00_0_15_19.tif,10300100C46F5900_0_15_19.tif,
1_20_81.geojson,10400100684A4B00_1_20_81.tif,10300100C46F5900_1_20_81.tif,
0_21_14.geojson,105001001A0FFC00_0_21_14.tif,10300100C46F5900_0_21_14.tif,
1_13_91.geojson,10400100684A4B00_1_13_91.tif,10300100C46F5900_1_13_91.tif,
1_6_86.geojson,10400100684A4B00_1_6_86.tif,10300100C46F5900_1_6_86.tif,
1_8_87.geojson,10400100684A4B00_1_8_87.tif,10300100C46F5900_1_8_87.tif,
0_11_3.geojson,105001001A0FFC00_0_11_3.tif,10300100C46F5900_0_11_3.tif,
1_14_78.geojson,10400100684A4B00_1_14_78.tif,10300100C46F5900_1_14_78.tif,
1_20_85.geojson,10400100684A4B00_1_20_85.tif,10300100C46F5900_1_20_85.tif,
2_21_57.geojson,10300100AF395C00_2_21_57.tif,10300100C46F5900_2_21_57.tif,
1_14_88.geojson,10400100684A4B00_1_14_88.tif,10300100C46F5900_1_14_88.tif,
1_13_106.geojson,10400100684A4B00_1_13_106.tif,10300100C46F5900_1_13_106.tif,
0_21_18.geojson,105001001A0FFC00_0_21_18.tif,10300100C46F5900_0_21_18.tif,
1_14_80.geojson,10400100684A4B00_1_14_80.tif,10300100C46F5900_1_14_80.tif,
0_15_15.geojson,105001001A0FFC00_0_15_15.tif,10300100C46F5900_0_15_15.tif,
1_14_84.geojson,10400100684A4B00_1_14_84.tif,10300100C46F5900_1_14_84.tif,
0_15_11.geojson,105001001A0FFC00_0_15_11.tif,10300100C46F5900_0_15_11.tif,
1_14_74.geojson,10400100684A4B00_1_14_74.tif,10300100C46F5900_1_14_74.tif,
1_20_79.geojson,10400100684A4B00_1_20_79.tif,10300100C46F5900_1_20_79.tif,
1_10_96.geojson,10400100684A4B00_1_10_96.tif,10300100C46F5900_1_10_96.tif,
2_29_35.geojson,10300100AF395C00_2_29_35.tif,10300100C46F5900_2_29_35.tif,
1_6_105.geojson,10400100684A4B00_1_6_105.tif,10300100C46F5900_1_6_105.tif,
1_6_101.geojson,10400100684A4B00_1_6_101.tif,10300100C46F5900_1_6_101.tif,
0_22_17.geojson,105001001A0FFC00_0_22_17.tif,10300100C46F5900_0_22_17.tif,
2_27_34.geojson,10300100AF395C00_2_27_34.tif,10300100C46F5900_2_27_34.tif,
1_10_92.geojson,10400100684A4B00_1_10_92.tif,10300100C46F5900_1_10_92.tif,
1_9_101.geojson,10400100684A4B00_1_9_101.tif,10300100C46F5900_1_9_101.tif,
0_10_3.geojson,105001001A0FFC00_0_10_3.tif,10300100C46F5900_0_10_3.tif,
1_17_87.geojson,10400100684A4B00_1_17_87.tif,10300100C46F5900_1_17_87.tif,
0_18_17.geojson,105001001A0FFC00_0_18_17.tif,10300100C46F5900_0_18_17.tif,
1_19_82.geojson,10400100684A4B00_1_19_82.tif,10300100C46F5900_1_19_82.tif,
0_16_12.geojson,105001001A0FFC00_0_16_12.tif,10300100C46F5900_0_16_12.tif,
1_17_77.geojson,10400100684A4B00_1_17_77.tif,10300100C46F5900_1_17_77.tif,
1_19_72.geojson,10400100684A4B00_1_19_72.tif,10300100C46F5900_1_19_72.tif,
1_17_73.geojson,10400100684A4B00_1_17_73.tif,10300100C46F5900_1_17_73.tif,
1_19_76.geojson,10400100684A4B00_1_19_76.tif,10300100C46F5900_1_19_76.tif,
2_16_51.geojson,10300100AF395C00_2_16_51.tif,10300100C46F5900_2_16_51.tif,
1_17_83.geojson,10400100684A4B00_1_17_83.tif,10300100C46F5900_1_17_83.tif,
0_18_13.geojson,105001001A0FFC00_0_18_13.tif,10300100C46F5900_0_18_13.tif,
2_18_54.geojson,10300100AF395C00_2_18_54.tif,10300100C46F5900_2_18_54.tif,
1_12_76.geojson,10400100684A4B00_1_12_76.tif,10300100C46F5900_1_12_76.tif,
2_20_44.geojson,10300100AF395C00_2_20_44.tif,10300100C46F5900_2_20_44.tif,
2_14_49.geojson,10300100AF395C00_2_14_49.tif,10300100C46F5900_2_14_49.tif,
1_12_86.geojson,10400100684A4B00_1_12_86.tif,10300100C46F5900_1_12_86.tif,
0_13_3.geojson,105001001A0FFC00_0_13_3.tif,10300100C46F5900_0_13_3.tif,
2_18_35.geojson,10300100AF395C00_2_18_35.tif,10300100C46F5900_2_18_35.tif,
1_9_94.geojson,10400100684A4B00_1_9_94.tif,10300100C46F5900_1_9_94.tif,
1_7_91.geojson,10400100684A4B00_1_7_91.tif,10300100C46F5900_1_7_91.tif,
1_12_82.geojson,10400100684A4B00_1_12_82.tif,10300100C46F5900_1_12_82.tif,
0_13_7.geojson,105001001A0FFC00_0_13_7.tif,10300100C46F5900_0_13_7.tif,
0_13_17.geojson,105001001A0FFC00_0_13_17.tif,10300100C46F5900_0_13_17.tif,
1_7_95.geojson,10400100684A4B00_1_7_95.tif,10300100C46F5900_1_7_95.tif,
2_20_40.geojson,10300100AF395C00_2_20_40.tif,10300100C46F5900_2_20_40.tif,
2_19_60.geojson,10300100AF395C00_2_19_60.tif,10300100C46F5900_2_19_60.tif,
1_9_98.geojson,10400100684A4B00_1_9_98.tif,10300100C46F5900_1_9_98.tif,
2_14_45.geojson,10300100AF395C00_2_14_45.tif,10300100C46F5900_2_14_45.tif,
1_15_93.geojson,10400100684A4B00_1_15_93.tif,10300100C46F5900_1_15_93.tif,
2_16_38.geojson,10300100AF395C00_2_16_38.tif,10300100C46F5900_2_16_38.tif,
2_22_35.geojson,10300100AF395C00_2_22_35.tif,10300100C46F5900_2_22_35.tif,
1_11_81.geojson,10400100684A4B00_1_11_81.tif,10300100C46F5900_1_11_81.tif,
0_12_3.geojson,105001001A0FFC00_0_12_3.tif,10300100C46F5900_0_12_3.tif,
2_23_43.geojson,10300100AF395C00_2_23_43.tif,10300100C46F5900_2_23_43.tif,
1_25_78.geojson,10400100684A4B00_1_25_78.tif,10300100C46F5900_1_25_78.tif,
1_11_85.geojson,10400100684A4B00_1_11_85.tif,10300100C46F5900_1_11_85.tif,
1_25_70.geojson,10400100684A4B00_1_25_70.tif,10300100C46F5900_1_25_70.tif,
1_11_89.geojson,10400100684A4B00_1_11_89.tif,10300100C46F5900_1_11_89.tif,
1_25_74.geojson,10400100684A4B00_1_25_74.tif,10300100C46F5900_1_25_74.tif,
1_16_94.geojson,10400100684A4B00_1_16_94.tif,10300100C46F5900_1_16_94.tif,
1_11_79.geojson,10400100684A4B00_1_11_79.tif,10300100C46F5900_1_11_79.tif,
2_19_43.geojson,10300100AF395C00_2_19_43.tif,10300100C46F5900_2_19_43.tif,
1_14_81.geojson,10400100684A4B00_1_14_81.tif,10300100C46F5900_1_14_81.tif,
0_21_19.geojson,105001001A0FFC00_0_21_19.tif,10300100C46F5900_0_21_19.tif,
1_14_75.geojson,10400100684A4B00_1_14_75.tif,10300100C46F5900_1_14_75.tif,
1_20_80.geojson,10400100684A4B00_1_20_80.tif,10300100C46F5900_1_20_80.tif,
0_15_18.geojson,105001001A0FFC00_0_15_18.tif,10300100C46F5900_0_15_18.tif,
0_21_15.geojson,105001001A0FFC00_0_21_15.tif,10300100C46F5900_0_21_15.tif,
1_8_82.geojson,10400100684A4B00_1_8_82.tif,10300100C46F5900_1_8_82.tif,
1_13_90.geojson,10400100684A4B00_1_13_90.tif,10300100C46F5900_1_13_90.tif,
1_6_87.geojson,10400100684A4B00_1_6_87.tif,10300100C46F5900_1_6_87.tif,
0_11_2.geojson,105001001A0FFC00_0_11_2.tif,10300100C46F5900_0_11_2.tif,
1_13_94.geojson,10400100684A4B00_1_13_94.tif,10300100C46F5900_1_13_94.tif,
1_20_74.geojson,10400100684A4B00_1_20_74.tif,10300100C46F5900_1_20_74.tif,
1_8_86.geojson,10400100684A4B00_1_8_86.tif,10300100C46F5900_1_8_86.tif,
1_14_79.geojson,10400100684A4B00_1_14_79.tif,10300100C46F5900_1_14_79.tif,
2_21_56.geojson,10300100AF395C00_2_21_56.tif,10300100C46F5900_2_21_56.tif,
1_17_86.geojson,10400100684A4B00_1_17_86.tif,10300100C46F5900_1_17_86.tif,
0_18_16.geojson,105001001A0FFC00_0_18_16.tif,10300100C46F5900_0_18_16.tif,
1_19_83.geojson,10400100684A4B00_1_19_83.tif,10300100C46F5900_1_19_83.tif,
0_16_13.geojson,105001001A0FFC00_0_16_13.tif,10300100C46F5900_0_16_13.tif,
2_29_38.geojson,10300100AF395C00_2_29_38.tif,10300100C46F5900_2_29_38.tif,
1_17_76.geojson,10400100684A4B00_1_17_76.tif,10300100C46F5900_1_17_76.tif,
1_19_73.geojson,10400100684A4B00_1_19_73.tif,10300100C46F5900_1_19_73.tif,
1_17_72.geojson,10400100684A4B00_1_17_72.tif,10300100C46F5900_1_17_72.tif,
1_5_88.geojson,10400100684A4B00_1_5_88.tif,10300100C46F5900_1_5_88.tif,
1_19_77.geojson,10400100684A4B00_1_19_77.tif,10300100C46F5900_1_19_77.tif,
1_17_82.geojson,10400100684A4B00_1_17_82.tif,10300100C46F5900_1_17_82.tif,
0_18_12.geojson,105001001A0FFC00_0_18_12.tif,10300100C46F5900_0_18_12.tif,
2_16_50.geojson,10300100AF395C00_2_16_50.tif,10300100C46F5900_2_16_50.tif,
1_10_97.geojson,10400100684A4B00_1_10_97.tif,10300100C46F5900_1_10_97.tif,
1_9_104.geojson,10400100684A4B00_1_9_104.tif,10300100C46F5900_1_9_104.tif,
1_23_77.geojson,10400100684A4B00_1_23_77.tif,10300100C46F5900_1_23_77.tif,
1_6_104.geojson,10400100684A4B00_1_6_104.tif,10300100C46F5900_1_6_104.tif,
2_29_34.geojson,10300100AF395C00_2_29_34.tif,10300100C46F5900_2_29_34.tif,
2_18_59.geojson,10300100AF395C00_2_18_59.tif,10300100C46F5900_2_18_59.tif,
1_6_100.geojson,10400100684A4B00_1_6_100.tif,10300100C46F5900_1_6_100.tif,
1_23_73.geojson,10400100684A4B00_1_23_73.tif,10300100C46F5900_1_23_73.tif,
1_9_100.geojson,10400100684A4B00_1_9_100.tif,10300100C46F5900_1_9_100.tif,
1_10_93.geojson,10400100684A4B00_1_10_93.tif,10300100C46F5900_1_10_93.tif,
0_10_2.geojson,105001001A0FFC00_0_10_2.tif,10300100C46F5900_0_10_2.tif,
1_9_99.geojson,10400100684A4B00_1_9_99.tif,10300100C46F5900_1_9_99.tif,
2_19_61.geojson,10300100AF395C00_2_19_61.tif,10300100C46F5900_2_19_61.tif,
1_26_76.geojson,10400100684A4B00_1_26_76.tif,10300100C46F5900_1_26_76.tif,
1_26_72.geojson,10400100684A4B00_1_26_72.tif,10300100C46F5900_1_26_72.tif,
1_12_105.geojson,10400100684A4B00_1_12_105.tif,10300100C46F5900_1_12_105.tif,
1_7_98.geojson,10400100684A4B00_1_7_98.tif,10300100C46F5900_1_7_98.tif,
2_16_39.geojson,10300100AF395C00_2_16_39.tif,10300100C46F5900_2_16_39.tif,
2_22_34.geojson,10300100AF395C00_2_22_34.tif,10300100C46F5900_2_22_34.tif,
2_20_45.geojson,10300100AF395C00_2_20_45.tif,10300100C46F5900_2_20_45.tif,
1_12_77.geojson,10400100684A4B00_1_12_77.tif,10300100C46F5900_1_12_77.tif,
2_14_48.geojson,10300100AF395C00_2_14_48.tif,10300100C46F5900_2_14_48.tif,
0_13_2.geojson,105001001A0FFC00_0_13_2.tif,10300100C46F5900_0_13_2.tif,
1_12_87.geojson,10400100684A4B00_1_12_87.tif,10300100C46F5900_1_12_87.tif,
1_7_90.geojson,10400100684A4B00_1_7_90.tif,10300100C46F5900_1_7_90.tif,
0_13_6.geojson,105001001A0FFC00_0_13_6.tif,10300100C46F5900_0_13_6.tif,
1_12_83.geojson,10400100684A4B00_1_12_83.tif,10300100C46F5900_1_12_83.tif,
1_9_91.geojson,10400100684A4B00_1_9_91.tif,10300100C46F5900_1_9_91.tif,
1_7_94.geojson,10400100684A4B00_1_7_94.tif,10300100C46F5900_1_7_94.tif,
0_13_16.geojson,105001001A0FFC00_0_13_16.tif,10300100C46F5900_0_13_16.tif,
2_20_41.geojson,10300100AF395C00_2_20_41.tif,10300100C46F5900_2_20_41.tif,
1_25_71.geojson,10400100684A4B00_1_25_71.tif,10300100C46F5900_1_25_71.tif,
1_7_106.geojson,10400100684A4B00_1_7_106.tif,10300100C46F5900_1_7_106.tif,
2_21_37.geojson,10300100AF395C00_2_21_37.tif,10300100C46F5900_2_21_37.tif,
1_8_102.geojson,10400100684A4B00_1_8_102.tif,10300100C46F5900_1_8_102.tif,
1_11_88.geojson,10400100684A4B00_1_11_88.tif,10300100C46F5900_1_11_88.tif,
1_25_75.geojson,10400100684A4B00_1_25_75.tif,10300100C46F5900_1_25_75.tif,
1_11_78.geojson,10400100684A4B00_1_11_78.tif,10300100C46F5900_1_11_78.tif,
2_20_62.geojson,10300100AF395C00_2_20_62.tif,10300100C46F5900_2_20_62.tif,
0_24_18.geojson,105001001A0FFC00_0_24_18.tif,10300100C46F5900_0_24_18.tif,
0_12_2.geojson,105001001A0FFC00_0_12_2.tif,10300100C46F5900_0_12_2.tif,
2_23_42.geojson,10300100AF395C00_2_23_42.tif,10300100C46F5900_2_23_42.tif,
1_11_84.geojson,10400100684A4B00_1_11_84.tif,10300100C46F5900_1_11_84.tif,
0_20_21.geojson,105001001A0FFC00_0_20_21.tif,10300100C46F5900_0_20_21.tif,
0_20_17.geojson,105001001A0FFC00_0_20_17.tif,10300100C46F5900_0_20_17.tif,
0_15_2.geojson,105001001A0FFC00_0_15_2.tif,10300100C46F5900_0_15_2.tif,
1_7_85.geojson,10400100684A4B00_1_7_85.tif,10300100C46F5900_1_7_85.tif,
1_12_92.geojson,10400100684A4B00_1_12_92.tif,10300100C46F5900_1_12_92.tif,
1_9_80.geojson,10400100684A4B00_1_9_80.tif,10300100C46F5900_1_9_80.tif,
1_9_84.geojson,10400100684A4B00_1_9_84.tif,10300100C46F5900_1_9_84.tif,
1_21_76.geojson,10400100684A4B00_1_21_76.tif,10300100C46F5900_1_21_76.tif,
0_20_13.geojson,105001001A0FFC00_0_20_13.tif,10300100C46F5900_0_20_13.tif,
1_21_86.geojson,10400100684A4B00_1_21_86.tif,10300100C46F5900_1_21_86.tif,
2_20_54.geojson,10300100AF395C00_2_20_54.tif,10300100C46F5900_2_20_54.tif,
0_15_6.geojson,105001001A0FFC00_0_15_6.tif,10300100C46F5900_0_15_6.tif,
1_4_104.geojson,10400100684A4B00_1_4_104.tif,10300100C46F5900_1_4_104.tif,
1_7_89.geojson,10400100684A4B00_1_7_89.tif,10300100C46F5900_1_7_89.tif,
1_15_73.geojson,10400100684A4B00_1_15_73.tif,10300100C46F5900_1_15_73.tif,
0_14_16.geojson,105001001A0FFC00_0_14_16.tif,10300100C46F5900_0_14_16.tif,
2_14_51.geojson,10300100AF395C00_2_14_51.tif,10300100C46F5900_2_14_51.tif,
1_15_83.geojson,10400100684A4B00_1_15_83.tif,10300100C46F5900_1_15_83.tif,
2_20_58.geojson,10300100AF395C00_2_20_58.tif,10300100C46F5900_2_20_58.tif,
1_15_87.geojson,10400100684A4B00_1_15_87.tif,10300100C46F5900_1_15_87.tif,
2_13_48.geojson,10300100AF395C00_2_13_48.tif,10300100C46F5900_2_13_48.tif,
1_9_88.geojson,10400100684A4B00_1_9_88.tif,10300100C46F5900_1_9_88.tif,
1_16_78.geojson,10400100684A4B00_1_16_78.tif,10300100C46F5900_1_16_78.tif,
2_30_37.geojson,10300100AF395C00_2_30_37.tif,10300100C46F5900_2_30_37.tif,
1_11_95.geojson,10400100684A4B00_1_11_95.tif,10300100C46F5900_1_11_95.tif,
0_14_2.geojson,105001001A0FFC00_0_14_2.tif,10300100C46F5900_0_14_2.tif,
0_19_18.geojson,105001001A0FFC00_0_19_18.tif,10300100C46F5900_0_19_18.tif,
2_26_33.geojson,10300100AF395C00_2_26_33.tif,10300100C46F5900_2_26_33.tif,
2_28_36.geojson,10300100AF395C00_2_28_36.tif,10300100C46F5900_2_28_36.tif,
0_14_6.geojson,105001001A0FFC00_0_14_6.tif,10300100C46F5900_0_14_6.tif,
0_17_19.geojson,105001001A0FFC00_0_17_19.tif,10300100C46F5900_0_17_19.tif,
2_28_32.geojson,10300100AF395C00_2_28_32.tif,10300100C46F5900_2_28_32.tif,
2_30_33.geojson,10300100AF395C00_2_30_33.tif,10300100C46F5900_2_30_33.tif,
1_22_71.geojson,10400100684A4B00_1_22_71.tif,10300100C46F5900_1_22_71.tif,
2_19_53.geojson,10300100AF395C00_2_19_53.tif,10300100C46F5900_2_19_53.tif,
1_18_81.geojson,10400100684A4B00_1_18_81.tif,10300100C46F5900_1_18_81.tif,
0_17_11.geojson,105001001A0FFC00_0_17_11.tif,10300100C46F5900_0_17_11.tif,
1_16_84.geojson,10400100684A4B00_1_16_84.tif,10300100C46F5900_1_16_84.tif,
0_19_14.geojson,105001001A0FFC00_0_19_14.tif,10300100C46F5900_0_19_14.tif,
1_22_79.geojson,10400100684A4B00_1_22_79.tif,10300100C46F5900_1_22_79.tif,
1_18_71.geojson,10400100684A4B00_1_18_71.tif,10300100C46F5900_1_18_71.tif,
1_16_74.geojson,10400100684A4B00_1_16_74.tif,10300100C46F5900_1_16_74.tif,
1_18_75.geojson,10400100684A4B00_1_18_75.tif,10300100C46F5900_1_18_75.tif,
2_24_42.geojson,10300100AF395C00_2_24_42.tif,10300100C46F5900_2_24_42.tif,
0_17_15.geojson,105001001A0FFC00_0_17_15.tif,10300100C46F5900_0_17_15.tif,
2_19_57.geojson,10300100AF395C00_2_19_57.tif,10300100C46F5900_2_19_57.tif,
0_23_18.geojson,105001001A0FFC00_0_23_18.tif,10300100C46F5900_0_23_18.tif,
2_17_52.geojson,10300100AF395C00_2_17_52.tif,10300100C46F5900_2_17_52.tif,
1_16_80.geojson,10400100684A4B00_1_16_80.tif,10300100C46F5900_1_16_80.tif,
0_19_10.geojson,105001001A0FFC00_0_19_10.tif,10300100C46F5900_0_19_10.tif,
0_17_6.geojson,105001001A0FFC00_0_17_6.tif,10300100C46F5900_0_17_6.tif,
1_13_75.geojson,10400100684A4B00_1_13_75.tif,10300100C46F5900_1_13_75.tif,
0_22_20.geojson,105001001A0FFC00_0_22_20.tif,10300100C46F5900_0_22_20.tif,
1_13_85.geojson,10400100684A4B00_1_13_85.tif,10300100C46F5900_1_13_85.tif,
0_12_14.geojson,105001001A0FFC00_0_12_14.tif,10300100C46F5900_0_12_14.tif,
1_6_96.geojson,10400100684A4B00_1_6_96.tif,10300100C46F5900_1_6_96.tif,
1_8_93.geojson,10400100684A4B00_1_8_93.tif,10300100C46F5900_1_8_93.tif,
1_5_102.geojson,10400100684A4B00_1_5_102.tif,10300100C46F5900_1_5_102.tif,
1_13_81.geojson,10400100684A4B00_1_13_81.tif,10300100C46F5900_1_13_81.tif,
2_21_43.geojson,10300100AF395C00_2_21_43.tif,10300100C46F5900_2_21_43.tif,
1_13_89.geojson,10400100684A4B00_1_13_89.tif,10300100C46F5900_1_13_89.tif,
2_18_63.geojson,10300100AF395C00_2_18_63.tif,10300100C46F5900_2_18_63.tif,
1_13_79.geojson,10400100684A4B00_1_13_79.tif,10300100C46F5900_1_13_79.tif,
2_15_46.geojson,10300100AF395C00_2_15_46.tif,10300100C46F5900_2_15_46.tif,
0_18_20.geojson,105001001A0FFC00_0_18_20.tif,10300100C46F5900_0_18_20.tif,
1_5_95.geojson,10400100684A4B00_1_5_95.tif,10300100C46F5900_1_5_95.tif,
2_20_39.geojson,10300100AF395C00_2_20_39.tif,10300100C46F5900_2_20_39.tif,
1_10_82.geojson,10400100684A4B00_1_10_82.tif,10300100C46F5900_1_10_82.tif,
0_16_6.geojson,105001001A0FFC00_0_16_6.tif,10300100C46F5900_0_16_6.tif,
2_16_49.geojson,10300100AF395C00_2_16_49.tif,10300100C46F5900_2_16_49.tif,
0_16_2.geojson,105001001A0FFC00_0_16_2.tif,10300100C46F5900_0_16_2.tif,
2_22_44.geojson,10300100AF395C00_2_22_44.tif,10300100C46F5900_2_22_44.tif,
1_5_91.geojson,10400100684A4B00_1_5_91.tif,10300100C46F5900_1_5_91.tif,
1_10_86.geojson,10400100684A4B00_1_10_86.tif,10300100C46F5900_1_10_86.tif,
1_2_84.geojson,10400100684A4B00_1_2_84.tif,10300100C46F5900_1_2_84.tif,
2_18_44.geojson,10300100AF395C00_2_18_44.tif,10300100C46F5900_2_18_44.tif,
1_24_73.geojson,10400100684A4B00_1_24_73.tif,10300100C46F5900_1_24_73.tif,
2_20_35.geojson,10300100AF395C00_2_20_35.tif,10300100C46F5900_2_20_35.tif,
1_5_99.geojson,10400100684A4B00_1_5_99.tif,10300100C46F5900_1_5_99.tif,
2_18_40.geojson,10300100AF395C00_2_18_40.tif,10300100C46F5900_2_18_40.tif,
1_24_77.geojson,10400100684A4B00_1_24_77.tif,10300100C46F5900_1_24_77.tif,
2_16_45.geojson,10300100AF395C00_2_16_45.tif,10300100C46F5900_2_16_45.tif,
2_18_53.geojson,10300100AF395C00_2_18_53.tif,10300100C46F5900_2_18_53.tif,
0_16_11.geojson,105001001A0FFC00_0_16_11.tif,10300100C46F5900_0_16_11.tif,
0_18_14.geojson,105001001A0FFC00_0_18_14.tif,10300100C46F5900_0_18_14.tif,
1_23_79.geojson,10400100684A4B00_1_23_79.tif,10300100C46F5900_1_23_79.tif,
1_17_74.geojson,10400100684A4B00_1_17_74.tif,10300100C46F5900_1_17_74.tif,
1_19_85.geojson,10400100684A4B00_1_19_85.tif,10300100C46F5900_1_19_85.tif,
0_22_18.geojson,105001001A0FFC00_0_22_18.tif,10300100C46F5900_0_22_18.tif,
0_18_10.geojson,105001001A0FFC00_0_18_10.tif,10300100C46F5900_0_18_10.tif,
1_17_78.geojson,10400100684A4B00_1_17_78.tif,10300100C46F5900_1_17_78.tif,
1_23_75.geojson,10400100684A4B00_1_23_75.tif,10300100C46F5900_1_23_75.tif,
1_10_95.geojson,10400100684A4B00_1_10_95.tif,10300100C46F5900_1_10_95.tif,
2_27_33.geojson,10300100AF395C00_2_27_33.tif,10300100C46F5900_2_27_33.tif,
2_29_36.geojson,10300100AF395C00_2_29_36.tif,10300100C46F5900_2_29_36.tif,
1_6_106.geojson,10400100684A4B00_1_6_106.tif,10300100C46F5900_1_6_106.tif,
2_27_37.geojson,10300100AF395C00_2_27_37.tif,10300100C46F5900_2_27_37.tif,
0_16_19.geojson,105001001A0FFC00_0_16_19.tif,10300100C46F5900_0_16_19.tif,
1_6_102.geojson,10400100684A4B00_1_6_102.tif,10300100C46F5900_1_6_102.tif,
2_29_32.geojson,10300100AF395C00_2_29_32.tif,10300100C46F5900_2_29_32.tif,
1_10_91.geojson,10400100684A4B00_1_10_91.tif,10300100C46F5900_1_10_91.tif,
1_9_102.geojson,10400100684A4B00_1_9_102.tif,10300100C46F5900_1_9_102.tif,
1_19_79.geojson,10400100684A4B00_1_19_79.tif,10300100C46F5900_1_19_79.tif,
1_23_71.geojson,10400100684A4B00_1_23_71.tif,10300100C46F5900_1_23_71.tif,
0_9_2.geojson,105001001A0FFC00_0_9_2.tif,10300100C46F5900_0_9_2.tif,
1_6_89.geojson,10400100684A4B00_1_6_89.tif,10300100C46F5900_1_6_89.tif,
1_14_73.geojson,10400100684A4B00_1_14_73.tif,10300100C46F5900_1_14_73.tif,
2_15_51.geojson,10300100AF395C00_2_15_51.tif,10300100C46F5900_2_15_51.tif,
1_14_83.geojson,10400100684A4B00_1_14_83.tif,10300100C46F5900_1_14_83.tif,
2_21_58.geojson,10300100AF395C00_2_21_58.tif,10300100C46F5900_2_21_58.tif,
0_15_12.geojson,105001001A0FFC00_0_15_12.tif,10300100C46F5900_0_15_12.tif,
1_14_87.geojson,10400100684A4B00_1_14_87.tif,10300100C46F5900_1_14_87.tif,
1_8_88.geojson,10400100684A4B00_1_8_88.tif,10300100C46F5900_1_8_88.tif,
1_14_77.geojson,10400100684A4B00_1_14_77.tif,10300100C46F5900_1_14_77.tif,
0_21_17.geojson,105001001A0FFC00_0_21_17.tif,10300100C46F5900_0_21_17.tif,
1_20_82.geojson,10400100684A4B00_1_20_82.tif,10300100C46F5900_1_20_82.tif,
1_13_92.geojson,10400100684A4B00_1_13_92.tif,10300100C46F5900_1_13_92.tif,
0_11_4.geojson,105001001A0FFC00_0_11_4.tif,10300100C46F5900_0_11_4.tif,
1_20_72.geojson,10400100684A4B00_1_20_72.tif,10300100C46F5900_1_20_72.tif,
1_20_76.geojson,10400100684A4B00_1_20_76.tif,10300100C46F5900_1_20_76.tif,
1_8_84.geojson,10400100684A4B00_1_8_84.tif,10300100C46F5900_1_8_84.tif,
1_13_105.geojson,10400100684A4B00_1_13_105.tif,10300100C46F5900_1_13_105.tif,
0_21_13.geojson,105001001A0FFC00_0_21_13.tif,10300100C46F5900_0_21_13.tif,
2_19_44.geojson,10300100AF395C00_2_19_44.tif,10300100C46F5900_2_19_44.tif,
1_3_84.geojson,10400100684A4B00_1_3_84.tif,10300100C46F5900_1_3_84.tif,
1_7_104.geojson,10400100684A4B00_1_7_104.tif,10300100C46F5900_1_7_104.tif,
1_16_93.geojson,10400100684A4B00_1_16_93.tif,10300100C46F5900_1_16_93.tif,
1_25_73.geojson,10400100684A4B00_1_25_73.tif,10300100C46F5900_1_25_73.tif,
1_4_99.geojson,10400100684A4B00_1_4_99.tif,10300100C46F5900_1_4_99.tif,
1_8_100.geojson,10400100684A4B00_1_8_100.tif,10300100C46F5900_1_8_100.tif,
2_17_45.geojson,10300100AF395C00_2_17_45.tif,10300100C46F5900_2_17_45.tif,
1_25_77.geojson,10400100684A4B00_1_25_77.tif,10300100C46F5900_1_25_77.tif,
1_4_95.geojson,10400100684A4B00_1_4_95.tif,10300100C46F5900_1_4_95.tif,
2_20_60.geojson,10300100AF395C00_2_20_60.tif,10300100C46F5900_2_20_60.tif,
1_11_82.geojson,10400100684A4B00_1_11_82.tif,10300100C46F5900_1_11_82.tif,
2_17_49.geojson,10300100AF395C00_2_17_49.tif,10300100C46F5900_2_17_49.tif,
2_23_44.geojson,10300100AF395C00_2_23_44.tif,10300100C46F5900_2_23_44.tif,
0_12_4.geojson,105001001A0FFC00_0_12_4.tif,10300100C46F5900_0_12_4.tif,
1_11_86.geojson,10400100684A4B00_1_11_86.tif,10300100C46F5900_1_11_86.tif,
2_19_63.geojson,10300100AF395C00_2_19_63.tif,10300100C46F5900_2_19_63.tif,
1_12_79.geojson,10400100684A4B00_1_12_79.tif,10300100C46F5900_1_12_79.tif,
2_14_46.geojson,10300100AF395C00_2_14_46.tif,10300100C46F5900_2_14_46.tif,
1_26_70.geojson,10400100684A4B00_1_26_70.tif,10300100C46F5900_1_26_70.tif,
2_22_36.geojson,10300100AF395C00_2_22_36.tif,10300100C46F5900_2_22_36.tif,
1_26_78.geojson,10400100684A4B00_1_26_78.tif,10300100C46F5900_1_26_78.tif,
1_12_75.geojson,10400100684A4B00_1_12_75.tif,10300100C46F5900_1_12_75.tif,
1_7_92.geojson,10400100684A4B00_1_7_92.tif,10300100C46F5900_1_7_92.tif,
0_23_20.geojson,105001001A0FFC00_0_23_20.tif,10300100C46F5900_0_23_20.tif,
2_18_36.geojson,10300100AF395C00_2_18_36.tif,10300100C46F5900_2_18_36.tif,
1_12_85.geojson,10400100684A4B00_1_12_85.tif,10300100C46F5900_1_12_85.tif,
1_9_97.geojson,10400100684A4B00_1_9_97.tif,10300100C46F5900_1_9_97.tif,
2_16_37.geojson,10300100AF395C00_2_16_37.tif,10300100C46F5900_2_16_37.tif,
1_7_96.geojson,10400100684A4B00_1_7_96.tif,10300100C46F5900_1_7_96.tif,
1_9_93.geojson,10400100684A4B00_1_9_93.tif,10300100C46F5900_1_9_93.tif,
0_13_4.geojson,105001001A0FFC00_0_13_4.tif,10300100C46F5900_0_13_4.tif,
1_12_81.geojson,10400100684A4B00_1_12_81.tif,10300100C46F5900_1_12_81.tif,
2_20_43.geojson,10300100AF395C00_2_20_43.tif,10300100C46F5900_2_20_43.tif,
1_22_77.geojson,10400100684A4B00_1_22_77.tif,10300100C46F5900_1_22_77.tif,
2_30_35.geojson,10300100AF395C00_2_30_35.tif,10300100C46F5900_2_30_35.tif,
2_19_59.geojson,10300100AF395C00_2_19_59.tif,10300100C46F5900_2_19_59.tif,
0_14_4.geojson,105001001A0FFC00_0_14_4.tif,10300100C46F5900_0_14_4.tif,
2_26_35.geojson,10300100AF395C00_2_26_35.tif,10300100C46F5900_2_26_35.tif,
1_22_73.geojson,10400100684A4B00_1_22_73.tif,10300100C46F5900_1_22_73.tif,
1_11_93.geojson,10400100684A4B00_1_11_93.tif,10300100C46F5900_1_11_93.tif,
0_19_16.geojson,105001001A0FFC00_0_19_16.tif,10300100C46F5900_0_19_16.tif,
1_16_86.geojson,10400100684A4B00_1_16_86.tif,10300100C46F5900_1_16_86.tif,
0_17_13.geojson,105001001A0FFC00_0_17_13.tif,10300100C46F5900_0_17_13.tif,
1_18_83.geojson,10400100684A4B00_1_18_83.tif,10300100C46F5900_1_18_83.tif,
2_24_44.geojson,10300100AF395C00_2_24_44.tif,10300100C46F5900_2_24_44.tif,
1_18_73.geojson,10400100684A4B00_1_18_73.tif,10300100C46F5900_1_18_73.tif,
1_16_72.geojson,10400100684A4B00_1_16_72.tif,10300100C46F5900_1_16_72.tif,
1_4_88.geojson,10400100684A4B00_1_4_88.tif,10300100C46F5900_1_4_88.tif,
1_11_105.geojson,10400100684A4B00_1_11_105.tif,10300100C46F5900_1_11_105.tif,
0_19_12.geojson,105001001A0FFC00_0_19_12.tif,10300100C46F5900_0_19_12.tif,
1_16_82.geojson,10400100684A4B00_1_16_82.tif,10300100C46F5900_1_16_82.tif,
2_17_50.geojson,10300100AF395C00_2_17_50.tif,10300100C46F5900_2_17_50.tif,
2_19_55.geojson,10300100AF395C00_2_19_55.tif,10300100C46F5900_2_19_55.tif,
1_21_80.geojson,10400100684A4B00_1_21_80.tif,10300100C46F5900_1_21_80.tif,
0_14_18.geojson,105001001A0FFC00_0_14_18.tif,10300100C46F5900_0_14_18.tif,
0_18_9.geojson,105001001A0FFC00_0_18_9.tif,10300100C46F5900_0_18_9.tif,
2_25_36.geojson,10300100AF395C00_2_25_36.tif,10300100C46F5900_2_25_36.tif,
1_7_87.geojson,10400100684A4B00_1_7_87.tif,10300100C46F5900_1_7_87.tif,
1_12_94.geojson,10400100684A4B00_1_12_94.tif,10300100C46F5900_1_12_94.tif,
2_13_46.geojson,10300100AF395C00_2_13_46.tif,10300100C46F5900_2_13_46.tif,
1_9_86.geojson,10400100684A4B00_1_9_86.tif,10300100C46F5900_1_9_86.tif,
1_21_74.geojson,10400100684A4B00_1_21_74.tif,10300100C46F5900_1_21_74.tif,
1_15_79.geojson,10400100684A4B00_1_15_79.tif,10300100C46F5900_1_15_79.tif,
0_15_4.geojson,105001001A0FFC00_0_15_4.tif,10300100C46F5900_0_15_4.tif,
2_20_56.geojson,10300100AF395C00_2_20_56.tif,10300100C46F5900_2_20_56.tif,
0_20_11.geojson,105001001A0FFC00_0_20_11.tif,10300100C46F5900_0_20_11.tif,
1_15_71.geojson,10400100684A4B00_1_15_71.tif,10300100C46F5900_1_15_71.tif,
1_15_81.geojson,10400100684A4B00_1_15_81.tif,10300100C46F5900_1_15_81.tif,
0_20_19.geojson,105001001A0FFC00_0_20_19.tif,10300100C46F5900_0_20_19.tif,
1_15_85.geojson,10400100684A4B00_1_15_85.tif,10300100C46F5900_1_15_85.tif,
0_24_20.geojson,105001001A0FFC00_0_24_20.tif,10300100C46F5900_0_24_20.tif,
0_15_8.geojson,105001001A0FFC00_0_15_8.tif,10300100C46F5900_0_15_8.tif,
1_4_102.geojson,10400100684A4B00_1_4_102.tif,10300100C46F5900_1_4_102.tif,
1_15_75.geojson,10400100684A4B00_1_15_75.tif,10300100C46F5900_1_15_75.tif,
1_21_78.geojson,10400100684A4B00_1_21_78.tif,10300100C46F5900_1_21_78.tif,
1_10_80.geojson,10400100684A4B00_1_10_80.tif,10300100C46F5900_1_10_80.tif,
1_5_97.geojson,10400100684A4B00_1_5_97.tif,10300100C46F5900_1_5_97.tif,
1_10_103.geojson,10400100684A4B00_1_10_103.tif,10300100C46F5900_1_10_103.tif,
0_11_15.geojson,105001001A0FFC00_0_11_15.tif,10300100C46F5900_0_11_15.tif,
2_22_42.geojson,10300100AF395C00_2_22_42.tif,10300100C46F5900_2_22_42.tif,
0_16_4.geojson,105001001A0FFC00_0_16_4.tif,10300100C46F5900_0_16_4.tif,
1_10_84.geojson,10400100684A4B00_1_10_84.tif,10300100C46F5900_1_10_84.tif,
0_21_21.geojson,105001001A0FFC00_0_21_21.tif,10300100C46F5900_0_21_21.tif,
1_24_71.geojson,10400100684A4B00_1_24_71.tif,10300100C46F5900_1_24_71.tif,
0_16_8.geojson,105001001A0FFC00_0_16_8.tif,10300100C46F5900_0_16_8.tif,
2_20_37.geojson,10300100AF395C00_2_20_37.tif,10300100C46F5900_2_20_37.tif,
1_10_88.geojson,10400100684A4B00_1_10_88.tif,10300100C46F5900_1_10_88.tif,
1_24_75.geojson,10400100684A4B00_1_24_75.tif,10300100C46F5900_1_24_75.tif,
1_10_78.geojson,10400100684A4B00_1_10_78.tif,10300100C46F5900_1_10_78.tif,
1_13_77.geojson,10400100684A4B00_1_13_77.tif,10300100C46F5900_1_13_77.tif,
2_21_45.geojson,10300100AF395C00_2_21_45.tif,10300100C46F5900_2_21_45.tif,
2_15_48.geojson,10300100AF395C00_2_15_48.tif,10300100C46F5900_2_15_48.tif,
1_5_104.geojson,10400100684A4B00_1_5_104.tif,10300100C46F5900_1_5_104.tif,
1_8_95.geojson,10400100684A4B00_1_8_95.tif,10300100C46F5900_1_8_95.tif,
1_13_83.geojson,10400100684A4B00_1_13_83.tif,10300100C46F5900_1_13_83.tif,
1_5_100.geojson,10400100684A4B00_1_5_100.tif,10300100C46F5900_1_5_100.tif,
1_6_94.geojson,10400100684A4B00_1_6_94.tif,10300100C46F5900_1_6_94.tif,
0_12_16.geojson,105001001A0FFC00_0_12_16.tif,10300100C46F5900_0_12_16.tif,
2_21_41.geojson,10300100AF395C00_2_21_41.tif,10300100C46F5900_2_21_41.tif,
1_13_73.geojson,10400100684A4B00_1_13_73.tif,10300100C46F5900_1_13_73.tif,
1_8_99.geojson,10400100684A4B00_1_8_99.tif,10300100C46F5900_1_8_99.tif,
2_18_61.geojson,10300100AF395C00_2_18_61.tif,10300100C46F5900_2_18_61.tif,
2_15_44.geojson,10300100AF395C00_2_15_44.tif,10300100C46F5900_2_15_44.tif,
0_17_8.geojson,105001001A0FFC00_0_17_8.tif,10300100C46F5900_0_17_8.tif,
1_6_98.geojson,10400100684A4B00_1_6_98.tif,10300100C46F5900_1_6_98.tif,
2_17_39.geojson,10300100AF395C00_2_17_39.tif,10300100C46F5900_2_17_39.tif,
0_19_17.geojson,105001001A0FFC00_0_19_17.tif,10300100C46F5900_0_19_17.tif,
1_16_87.geojson,10400100684A4B00_1_16_87.tif,10300100C46F5900_1_16_87.tif,
1_3_90.geojson,10400100684A4B00_1_3_90.tif,10300100C46F5900_1_3_90.tif,
0_17_12.geojson,105001001A0FFC00_0_17_12.tif,10300100C46F5900_0_17_12.tif,
1_18_82.geojson,10400100684A4B00_1_18_82.tif,10300100C46F5900_1_18_82.tif,
2_30_38.geojson,10300100AF395C00_2_30_38.tif,10300100C46F5900_2_30_38.tif,
1_18_72.geojson,10400100684A4B00_1_18_72.tif,10300100C46F5900_1_18_72.tif,
1_4_89.geojson,10400100684A4B00_1_4_89.tif,10300100C46F5900_1_4_89.tif,
1_16_73.geojson,10400100684A4B00_1_16_73.tif,10300100C46F5900_1_16_73.tif,
2_17_51.geojson,10300100AF395C00_2_17_51.tif,10300100C46F5900_2_17_51.tif,
0_19_13.geojson,105001001A0FFC00_0_19_13.tif,10300100C46F5900_0_19_13.tif,
2_19_54.geojson,10300100AF395C00_2_19_54.tif,10300100C46F5900_2_19_54.tif,
1_3_94.geojson,10400100684A4B00_1_3_94.tif,10300100C46F5900_1_3_94.tif,
1_22_76.geojson,10400100684A4B00_1_22_76.tif,10300100C46F5900_1_22_76.tif,
1_11_96.geojson,10400100684A4B00_1_11_96.tif,10300100C46F5900_1_11_96.tif,
2_30_34.geojson,10300100AF395C00_2_30_34.tif,10300100C46F5900_2_30_34.tif,
2_19_58.geojson,10300100AF395C00_2_19_58.tif,10300100C46F5900_2_19_58.tif,
0_23_17.geojson,105001001A0FFC00_0_23_17.tif,10300100C46F5900_0_23_17.tif,
2_26_34.geojson,10300100AF395C00_2_26_34.tif,10300100C46F5900_2_26_34.tif,
0_14_5.geojson,105001001A0FFC00_0_14_5.tif,10300100C46F5900_0_14_5.tif,
1_22_72.geojson,10400100684A4B00_1_22_72.tif,10300100C46F5900_1_22_72.tif,
0_20_18.geojson,105001001A0FFC00_0_20_18.tif,10300100C46F5900_0_20_18.tif,
1_15_80.geojson,10400100684A4B00_1_15_80.tif,10300100C46F5900_1_15_80.tif,
0_14_15.geojson,105001001A0FFC00_0_14_15.tif,10300100C46F5900_0_14_15.tif,
1_21_89.geojson,10400100684A4B00_1_21_89.tif,10300100C46F5900_1_21_89.tif,
0_15_9.geojson,105001001A0FFC00_0_15_9.tif,10300100C46F5900_0_15_9.tif,
0_24_21.geojson,105001001A0FFC00_0_24_21.tif,10300100C46F5900_0_24_21.tif,
1_15_74.geojson,10400100684A4B00_1_15_74.tif,10300100C46F5900_1_15_74.tif,
1_4_103.geojson,10400100684A4B00_1_4_103.tif,10300100C46F5900_1_4_103.tif,
1_21_79.geojson,10400100684A4B00_1_21_79.tif,10300100C46F5900_1_21_79.tif,
0_18_8.geojson,105001001A0FFC00_0_18_8.tif,10300100C46F5900_0_18_8.tif,
1_12_91.geojson,10400100684A4B00_1_12_91.tif,10300100C46F5900_1_12_91.tif,
1_7_86.geojson,10400100684A4B00_1_7_86.tif,10300100C46F5900_1_7_86.tif,
2_13_47.geojson,10300100AF395C00_2_13_47.tif,10300100C46F5900_2_13_47.tif,
1_9_87.geojson,10400100684A4B00_1_9_87.tif,10300100C46F5900_1_9_87.tif,
1_15_78.geojson,10400100684A4B00_1_15_78.tif,10300100C46F5900_1_15_78.tif,
1_21_85.geojson,10400100684A4B00_1_21_85.tif,10300100C46F5900_1_21_85.tif,
2_20_57.geojson,10300100AF395C00_2_20_57.tif,10300100C46F5900_2_20_57.tif,
1_15_88.geojson,10400100684A4B00_1_15_88.tif,10300100C46F5900_1_15_88.tif,
0_16_9.geojson,105001001A0FFC00_0_16_9.tif,10300100C46F5900_0_16_9.tif,
1_24_70.geojson,10400100684A4B00_1_24_70.tif,10300100C46F5900_1_24_70.tif,
2_20_36.geojson,10300100AF395C00_2_20_36.tif,10300100C46F5900_2_20_36.tif,
1_10_89.geojson,10400100684A4B00_1_10_89.tif,10300100C46F5900_1_10_89.tif,
1_24_74.geojson,10400100684A4B00_1_24_74.tif,10300100C46F5900_1_24_74.tif,
1_17_94.geojson,10400100684A4B00_1_17_94.tif,10300100C46F5900_1_17_94.tif,
1_10_79.geojson,10400100684A4B00_1_10_79.tif,10300100C46F5900_1_10_79.tif,
1_10_81.geojson,10400100684A4B00_1_10_81.tif,10300100C46F5900_1_10_81.tif,
1_5_96.geojson,10400100684A4B00_1_5_96.tif,10300100C46F5900_1_5_96.tif,
2_22_43.geojson,10300100AF395C00_2_22_43.tif,10300100C46F5900_2_22_43.tif,
0_16_5.geojson,105001001A0FFC00_0_16_5.tif,10300100C46F5900_0_16_5.tif,
1_24_78.geojson,10400100684A4B00_1_24_78.tif,10300100C46F5900_1_24_78.tif,
1_10_85.geojson,10400100684A4B00_1_10_85.tif,10300100C46F5900_1_10_85.tif,
0_21_20.geojson,105001001A0FFC00_0_21_20.tif,10300100C46F5900_0_21_20.tif,
2_18_60.geojson,10300100AF395C00_2_18_60.tif,10300100C46F5900_2_18_60.tif,
1_8_98.geojson,10400100684A4B00_1_8_98.tif,10300100C46F5900_1_8_98.tif,
2_15_45.geojson,10300100AF395C00_2_15_45.tif,10300100C46F5900_2_15_45.tif,
1_14_93.geojson,10400100684A4B00_1_14_93.tif,10300100C46F5900_1_14_93.tif,
1_6_99.geojson,10400100684A4B00_1_6_99.tif,10300100C46F5900_1_6_99.tif,
2_21_44.geojson,10300100AF395C00_2_21_44.tif,10300100C46F5900_2_21_44.tif,
1_13_76.geojson,10400100684A4B00_1_13_76.tif,10300100C46F5900_1_13_76.tif,
0_17_5.geojson,105001001A0FFC00_0_17_5.tif,10300100C46F5900_0_17_5.tif,
2_15_49.geojson,10300100AF395C00_2_15_49.tif,10300100C46F5900_2_15_49.tif,
2_19_35.geojson,10300100AF395C00_2_19_35.tif,10300100C46F5900_2_19_35.tif,
1_5_105.geojson,10400100684A4B00_1_5_105.tif,10300100C46F5900_1_5_105.tif,
1_8_94.geojson,10400100684A4B00_1_8_94.tif,10300100C46F5900_1_8_94.tif,
1_6_91.geojson,10400100684A4B00_1_6_91.tif,10300100C46F5900_1_6_91.tif,
0_12_13.geojson,105001001A0FFC00_0_12_13.tif,10300100C46F5900_0_12_13.tif,
1_5_101.geojson,10400100684A4B00_1_5_101.tif,10300100C46F5900_1_5_101.tif,
1_8_90.geojson,10400100684A4B00_1_8_90.tif,10300100C46F5900_1_8_90.tif,
1_13_82.geojson,10400100684A4B00_1_13_82.tif,10300100C46F5900_1_13_82.tif,
1_6_95.geojson,10400100684A4B00_1_6_95.tif,10300100C46F5900_1_6_95.tif,
1_13_72.geojson,10400100684A4B00_1_13_72.tif,10300100C46F5900_1_13_72.tif,
1_17_79.geojson,10400100684A4B00_1_17_79.tif,10300100C46F5900_1_17_79.tif,
1_23_74.geojson,10400100684A4B00_1_23_74.tif,10300100C46F5900_1_23_74.tif,
0_18_19.geojson,105001001A0FFC00_0_18_19.tif,10300100C46F5900_0_18_19.tif,
2_29_37.geojson,10300100AF395C00_2_29_37.tif,10300100C46F5900_2_29_37.tif,
2_27_36.geojson,10300100AF395C00_2_27_36.tif,10300100C46F5900_2_27_36.tif,
2_29_33.geojson,10300100AF395C00_2_29_33.tif,10300100C46F5900_2_29_33.tif,
1_6_103.geojson,10400100684A4B00_1_6_103.tif,10300100C46F5900_1_6_103.tif,
1_5_87.geojson,10400100684A4B00_1_5_87.tif,10300100C46F5900_1_5_87.tif,
1_23_70.geojson,10400100684A4B00_1_23_70.tif,10300100C46F5900_1_23_70.tif,
1_9_103.geojson,10400100684A4B00_1_9_103.tif,10300100C46F5900_1_9_103.tif,
1_10_90.geojson,10400100684A4B00_1_10_90.tif,10300100C46F5900_1_10_90.tif,
1_19_78.geojson,10400100684A4B00_1_19_78.tif,10300100C46F5900_1_19_78.tif,
0_16_10.geojson,105001001A0FFC00_0_16_10.tif,10300100C46F5900_0_16_10.tif,
1_19_80.geojson,10400100684A4B00_1_19_80.tif,10300100C46F5900_1_19_80.tif,
2_18_52.geojson,10300100AF395C00_2_18_52.tif,10300100C46F5900_2_18_52.tif,
0_18_15.geojson,105001001A0FFC00_0_18_15.tif,10300100C46F5900_0_18_15.tif,
1_17_85.geojson,10400100684A4B00_1_17_85.tif,10300100C46F5900_1_17_85.tif,
1_10_98.geojson,10400100684A4B00_1_10_98.tif,10300100C46F5900_1_10_98.tif,
1_23_78.geojson,10400100684A4B00_1_23_78.tif,10300100C46F5900_1_23_78.tif,
1_17_75.geojson,10400100684A4B00_1_17_75.tif,10300100C46F5900_1_17_75.tif,
1_19_74.geojson,10400100684A4B00_1_19_74.tif,10300100C46F5900_1_19_74.tif,
1_17_71.geojson,10400100684A4B00_1_17_71.tif,10300100C46F5900_1_17_71.tif,
0_16_14.geojson,105001001A0FFC00_0_16_14.tif,10300100C46F5900_0_16_14.tif,
1_19_84.geojson,10400100684A4B00_1_19_84.tif,10300100C46F5900_1_19_84.tif,
0_18_11.geojson,105001001A0FFC00_0_18_11.tif,10300100C46F5900_0_18_11.tif,
0_22_19.geojson,105001001A0FFC00_0_22_19.tif,10300100C46F5900_0_22_19.tif,
0_21_16.geojson,105001001A0FFC00_0_21_16.tif,10300100C46F5900_0_21_16.tif,
1_20_73.geojson,10400100684A4B00_1_20_73.tif,10300100C46F5900_1_20_73.tif,
1_8_81.geojson,10400100684A4B00_1_8_81.tif,10300100C46F5900_1_8_81.tif,
1_13_93.geojson,10400100684A4B00_1_13_93.tif,10300100C46F5900_1_13_93.tif,
1_8_85.geojson,10400100684A4B00_1_8_85.tif,10300100C46F5900_1_8_85.tif,
1_20_77.geojson,10400100684A4B00_1_20_77.tif,10300100C46F5900_1_20_77.tif,
1_14_72.geojson,10400100684A4B00_1_14_72.tif,10300100C46F5900_1_14_72.tif,
1_6_88.geojson,10400100684A4B00_1_6_88.tif,10300100C46F5900_1_6_88.tif,
1_14_82.geojson,10400100684A4B00_1_14_82.tif,10300100C46F5900_1_14_82.tif,
2_15_50.geojson,10300100AF395C00_2_15_50.tif,10300100C46F5900_2_15_50.tif,
1_14_86.geojson,10400100684A4B00_1_14_86.tif,10300100C46F5900_1_14_86.tif,
1_8_89.geojson,10400100684A4B00_1_8_89.tif,10300100C46F5900_1_8_89.tif,
1_4_94.geojson,10400100684A4B00_1_4_94.tif,10300100C46F5900_1_4_94.tif,
1_11_83.geojson,10400100684A4B00_1_11_83.tif,10300100C46F5900_1_11_83.tif,
2_20_61.geojson,10300100AF395C00_2_20_61.tif,10300100C46F5900_2_20_61.tif,
1_3_89.geojson,10400100684A4B00_1_3_89.tif,10300100C46F5900_1_3_89.tif,
2_17_48.geojson,10300100AF395C00_2_17_48.tif,10300100C46F5900_2_17_48.tif,
2_23_45.geojson,10300100AF395C00_2_23_45.tif,10300100C46F5900_2_23_45.tif,
1_11_77.geojson,10400100684A4B00_1_11_77.tif,10300100C46F5900_1_11_77.tif,
0_20_22.geojson,105001001A0FFC00_0_20_22.tif,10300100C46F5900_0_20_22.tif,
0_12_5.geojson,105001001A0FFC00_0_12_5.tif,10300100C46F5900_0_12_5.tif,
1_4_90.geojson,10400100684A4B00_1_4_90.tif,10300100C46F5900_1_4_90.tif,
2_20_65.geojson,10300100AF395C00_2_20_65.tif,10300100C46F5900_2_20_65.tif,
1_11_87.geojson,10400100684A4B00_1_11_87.tif,10300100C46F5900_1_11_87.tif,
2_19_45.geojson,10300100AF395C00_2_19_45.tif,10300100C46F5900_2_19_45.tif,
2_17_40.geojson,10300100AF395C00_2_17_40.tif,10300100C46F5900_2_17_40.tif,
1_25_72.geojson,10400100684A4B00_1_25_72.tif,10300100C46F5900_1_25_72.tif,
1_7_105.geojson,10400100684A4B00_1_7_105.tif,10300100C46F5900_1_7_105.tif,
0_24_17.geojson,105001001A0FFC00_0_24_17.tif,10300100C46F5900_0_24_17.tif,
1_4_98.geojson,10400100684A4B00_1_4_98.tif,10300100C46F5900_1_4_98.tif,
1_8_105.geojson,10400100684A4B00_1_8_105.tif,10300100C46F5900_1_8_105.tif,
1_8_101.geojson,10400100684A4B00_1_8_101.tif,10300100C46F5900_1_8_101.tif,
2_19_41.geojson,10300100AF395C00_2_19_41.tif,10300100C46F5900_2_19_41.tif,
1_25_76.geojson,10400100684A4B00_1_25_76.tif,10300100C46F5900_1_25_76.tif,
2_17_44.geojson,10300100AF395C00_2_17_44.tif,10300100C46F5900_2_17_44.tif,
1_26_79.geojson,10400100684A4B00_1_26_79.tif,10300100C46F5900_1_26_79.tif,
1_12_74.geojson,10400100684A4B00_1_12_74.tif,10300100C46F5900_1_12_74.tif,
1_7_93.geojson,10400100684A4B00_1_7_93.tif,10300100C46F5900_1_7_93.tif,
1_9_96.geojson,10400100684A4B00_1_9_96.tif,10300100C46F5900_1_9_96.tif,
1_12_84.geojson,10400100684A4B00_1_12_84.tif,10300100C46F5900_1_12_84.tif,
0_13_1.geojson,105001001A0FFC00_0_13_1.tif,10300100C46F5900_0_13_1.tif,
1_7_97.geojson,10400100684A4B00_1_7_97.tif,10300100C46F5900_1_7_97.tif,
2_16_36.geojson,10300100AF395C00_2_16_36.tif,10300100C46F5900_2_16_36.tif,
0_13_15.geojson,105001001A0FFC00_0_13_15.tif,10300100C46F5900_0_13_15.tif,
1_12_80.geojson,10400100684A4B00_1_12_80.tif,10300100C46F5900_1_12_80.tif,
0_13_5.geojson,105001001A0FFC00_0_13_5.tif,10300100C46F5900_0_13_5.tif,
1_9_92.geojson,10400100684A4B00_1_9_92.tif,10300100C46F5900_1_9_92.tif,
2_20_42.geojson,10300100AF395C00_2_20_42.tif,10300100C46F5900_2_20_42.tif,
0_17_20.geojson,105001001A0FFC00_0_17_20.tif,10300100C46F5900_0_17_20.tif,
2_19_62.geojson,10300100AF395C00_2_19_62.tif,10300100C46F5900_2_19_62.tif,
1_12_78.geojson,10400100684A4B00_1_12_78.tif,10300100C46F5900_1_12_78.tif,
2_14_47.geojson,10300100AF395C00_2_14_47.tif,10300100C46F5900_2_14_47.tif,
1_12_106.geojson,10400100684A4B00_1_12_106.tif,10300100C46F5900_1_12_106.tif,
1_26_71.geojson,10400100684A4B00_1_26_71.tif,10300100C46F5900_1_26_71.tif,
2_22_37.geojson,10300100AF395C00_2_22_37.tif,10300100C46F5900_2_22_37.tif,
0_19_21.geojson,105001001A0FFC00_0_19_21.tif,10300100C46F5900_0_19_21.tif,
